"length","label"
78,"valid"
40,"valid"
43,"valid"
56,"valid"
21,"valid"
64,"valid"
7,"valid"
77,"valid"
58,"valid"
46,"valid"
88,"valid"
63,"valid"
42,"valid"
69,"valid"
68,"valid"
99,"valid"
19,"valid"
87,"valid"
53,"valid"
41,"valid"
79,"valid"
4,"valid"
67,"valid"
59,"valid"
30,"valid"
44,"valid"
97,"valid"
65,"valid"
38,"valid"
59,"valid"
60,"valid"
66,"valid"
58,"valid"
71,"valid"
81,"valid"
81,"valid"
35,"valid"
11,"valid"
74,"valid"
39,"valid"
40,"valid"
42,"valid"
92,"valid"
36,"valid"
86,"valid"
28,"valid"
63,"valid"
97,"valid"
70,"valid"
89,"valid"
54,"valid"
75,"valid"
61,"valid"
20,"valid"
91,"valid"
90,"valid"
73,"valid"
72,"valid"
93,"valid"
57,"valid"
58,"valid"
0,"valid"
78,"valid"
67,"valid"
61,"valid"
98,"valid"
83,"valid"
10,"valid"
92,"valid"
27,"valid"
59,"valid"
58,"valid"
5,"valid"
73,"valid"
8,"valid"
75,"valid"
49,"valid"
95,"valid"
49,"valid"
5,"valid"
40,"valid"
71,"valid"
90,"valid"
64,"valid"
59,"valid"
15,"valid"
21,"valid"
51,"valid"
55,"valid"
93,"valid"
29,"valid"
96,"valid"
69,"valid"
40,"valid"
59,"valid"
36,"valid"
12,"valid"
72,"valid"
82,"valid"
55,"valid"
39,"valid"
80,"valid"
31,"valid"
53,"valid"
68,"valid"
7,"valid"
10,"valid"
66,"valid"
45,"valid"
44,"valid"
48,"valid"
9,"valid"
32,"valid"
82,"valid"
21,"valid"
36,"valid"
69,"valid"
41,"valid"
63,"valid"
22,"valid"
38,"valid"
32,"valid"
21,"valid"
8,"valid"
29,"valid"
73,"valid"
26,"valid"
90,"valid"
51,"valid"
11,"valid"
76,"valid"
65,"valid"
71,"valid"
93,"valid"
18,"valid"
76,"valid"
46,"valid"
79,"valid"
40,"valid"
50,"valid"
14,"valid"
85,"valid"
10,"valid"
16,"valid"
86,"valid"
83,"valid"
34,"valid"
37,"valid"
54,"valid"
97,"valid"
3,"valid"
34,"valid"
6,"valid"
61,"valid"
24,"valid"
35,"valid"
80,"valid"
47,"valid"
27,"valid"
32,"valid"
36,"valid"
70,"valid"
31,"valid"
29,"valid"
25,"valid"
49,"valid"
52,"valid"
23,"valid"
46,"valid"
95,"valid"
58,"valid"
9,"valid"
78,"valid"
41,"valid"
70,"valid"
30,"valid"
0,"valid"
33,"valid"
16,"valid"
32,"valid"
50,"valid"
8,"valid"
87,"valid"
60,"valid"
12,"valid"
64,"valid"
16,"valid"
81,"valid"
57,"valid"
1,"valid"
86,"valid"
47,"valid"
55,"valid"
61,"valid"
43,"valid"
1,"valid"
41,"valid"
17,"valid"
85,"valid"
38,"valid"
23,"valid"
22,"valid"
72,"valid"
10,"valid"
72,"valid"
44,"valid"
37,"valid"
28,"valid"
30,"valid"
83,"valid"
41,"valid"
84,"valid"
80,"valid"
92,"valid"
1,"valid"
2,"valid"
35,"valid"
92,"valid"
19,"valid"
21,"valid"
70,"valid"
3,"valid"
77,"valid"
98,"valid"
44,"valid"
30,"valid"
84,"valid"
99,"valid"
72,"valid"
97,"valid"
12,"valid"
27,"valid"
39,"valid"
72,"valid"
43,"valid"
97,"valid"
20,"valid"
24,"valid"
72,"valid"
73,"valid"
72,"valid"
4,"valid"
95,"valid"
2,"valid"
31,"valid"
42,"valid"
93,"valid"
64,"valid"
62,"valid"
63,"valid"
13,"valid"
85,"valid"
7,"valid"
74,"valid"
70,"valid"
65,"valid"
1,"valid"
17,"valid"
24,"valid"
86,"valid"
59,"valid"
48,"valid"
74,"valid"
6,"valid"
74,"valid"
2,"valid"
92,"valid"
62,"valid"
33,"valid"
54,"valid"
94,"valid"
73,"valid"
0,"valid"
74,"valid"
35,"valid"
76,"valid"
52,"valid"
91,"valid"
85,"valid"
47,"valid"
49,"valid"
84,"valid"
69,"valid"
32,"valid"
57,"valid"
82,"valid"
39,"valid"
87,"valid"
61,"valid"
7,"valid"
80,"valid"
86,"valid"
12,"valid"
51,"valid"
97,"valid"
98,"valid"
12,"valid"
93,"valid"
0,"valid"
11,"valid"
75,"valid"
21,"valid"
64,"valid"
61,"valid"
86,"valid"
78,"valid"
88,"valid"
47,"valid"
79,"valid"
12,"valid"
70,"valid"
21,"valid"
43,"valid"
84,"valid"
88,"valid"
68,"valid"
74,"valid"
21,"valid"
51,"valid"
49,"valid"
61,"valid"
48,"valid"
52,"valid"
50,"valid"
56,"valid"
90,"valid"
50,"valid"
19,"valid"
26,"valid"
39,"valid"
45,"valid"
56,"valid"
39,"valid"
8,"valid"
53,"valid"
46,"valid"
72,"valid"
98,"valid"
86,"valid"
23,"valid"
15,"valid"
35,"valid"
23,"valid"
66,"valid"
21,"valid"
56,"valid"
85,"valid"
89,"valid"
59,"valid"
87,"valid"
54,"valid"
17,"valid"
92,"valid"
71,"valid"
1,"valid"
91,"valid"
6,"valid"
28,"valid"
82,"valid"
2,"valid"
81,"valid"
63,"valid"
96,"valid"
25,"valid"
63,"valid"
35,"valid"
6,"valid"
16,"valid"
54,"valid"
8,"valid"
79,"valid"
26,"valid"
53,"valid"
11,"valid"
98,"valid"
19,"valid"
63,"valid"
71,"valid"
47,"valid"
84,"valid"
80,"valid"
96,"valid"
59,"valid"
47,"valid"
90,"valid"
91,"valid"
75,"valid"
40,"valid"
46,"valid"
14,"valid"
68,"valid"
5,"valid"
14,"valid"
45,"valid"
4,"valid"
14,"valid"
29,"valid"
13,"valid"
7,"valid"
76,"valid"
22,"valid"
15,"valid"
93,"valid"
14,"valid"
30,"valid"
78,"valid"
75,"valid"
5,"valid"
8,"valid"
88,"valid"
31,"valid"
73,"valid"
13,"valid"
59,"valid"
87,"valid"
77,"valid"
95,"valid"
69,"valid"
89,"valid"
5,"valid"
66,"valid"
64,"valid"
35,"valid"
73,"valid"
45,"valid"
29,"valid"
49,"valid"
21,"valid"
2,"valid"
13,"valid"
52,"valid"
72,"valid"
48,"valid"
4,"valid"
18,"valid"
71,"valid"
94,"valid"
37,"valid"
86,"valid"
83,"valid"
97,"valid"
84,"valid"
38,"valid"
87,"valid"
55,"valid"
84,"valid"
0,"valid"
54,"valid"
47,"valid"
78,"valid"
59,"valid"
82,"valid"
27,"valid"
72,"valid"
91,"valid"
38,"valid"
88,"valid"
66,"valid"
7,"valid"
50,"valid"
33,"valid"
61,"valid"
57,"valid"
20,"valid"
37,"valid"
40,"valid"
81,"valid"
95,"valid"
40,"valid"
72,"valid"
48,"valid"
40,"valid"
10,"valid"
26,"valid"
35,"valid"
53,"valid"
2,"valid"
61,"valid"
22,"valid"
62,"valid"
21,"valid"
33,"valid"
78,"valid"
50,"valid"
4,"valid"
17,"valid"
71,"valid"
40,"valid"
84,"valid"
77,"valid"
67,"valid"
86,"valid"
93,"valid"
80,"valid"
20,"valid"
29,"valid"
66,"valid"
42,"valid"
97,"valid"
89,"valid"
364,"parameter-tampering"
379,"parameter-tampering"
286,"parameter-tampering"
119,"parameter-tampering"
290,"parameter-tampering"
493,"parameter-tampering"
287,"parameter-tampering"
445,"parameter-tampering"
222,"parameter-tampering"
111,"parameter-tampering"
168,"parameter-tampering"
441,"parameter-tampering"
490,"parameter-tampering"
213,"parameter-tampering"
307,"parameter-tampering"
481,"parameter-tampering"
141,"parameter-tampering"
423,"parameter-tampering"
267,"parameter-tampering"
390,"parameter-tampering"
414,"parameter-tampering"
219,"parameter-tampering"
235,"parameter-tampering"
319,"parameter-tampering"
226,"parameter-tampering"
491,"parameter-tampering"
346,"parameter-tampering"
493,"parameter-tampering"
464,"parameter-tampering"
155,"parameter-tampering"
249,"parameter-tampering"
387,"parameter-tampering"
470,"parameter-tampering"
213,"parameter-tampering"
143,"parameter-tampering"
160,"parameter-tampering"
443,"parameter-tampering"
100,"parameter-tampering"
357,"parameter-tampering"
258,"parameter-tampering"
181,"parameter-tampering"
455,"parameter-tampering"
174,"parameter-tampering"
305,"parameter-tampering"
351,"parameter-tampering"
191,"parameter-tampering"
457,"parameter-tampering"
402,"parameter-tampering"
348,"parameter-tampering"
374,"parameter-tampering"
278,"parameter-tampering"
311,"parameter-tampering"
310,"parameter-tampering"
447,"parameter-tampering"
314,"parameter-tampering"
349,"parameter-tampering"
460,"parameter-tampering"
489,"parameter-tampering"
111,"parameter-tampering"
207,"parameter-tampering"
293,"parameter-tampering"
413,"parameter-tampering"
190,"parameter-tampering"
322,"parameter-tampering"
193,"parameter-tampering"
201,"parameter-tampering"
354,"parameter-tampering"
314,"parameter-tampering"
110,"parameter-tampering"
137,"parameter-tampering"
349,"parameter-tampering"
114,"parameter-tampering"
217,"parameter-tampering"
427,"parameter-tampering"
230,"parameter-tampering"
219,"parameter-tampering"
481,"parameter-tampering"
476,"parameter-tampering"
128,"parameter-tampering"
345,"parameter-tampering"
172,"parameter-tampering"
303,"parameter-tampering"
319,"parameter-tampering"
200,"parameter-tampering"
299,"parameter-tampering"
233,"parameter-tampering"
214,"parameter-tampering"
279,"parameter-tampering"
480,"parameter-tampering"
324,"parameter-tampering"
373,"parameter-tampering"
375,"parameter-tampering"
246,"parameter-tampering"
333,"parameter-tampering"
134,"parameter-tampering"
260,"parameter-tampering"
175,"parameter-tampering"
494,"parameter-tampering"
391,"parameter-tampering"
191,"parameter-tampering"
293,"parameter-tampering"
460,"parameter-tampering"
289,"parameter-tampering"
202,"parameter-tampering"
419,"parameter-tampering"
137,"parameter-tampering"
357,"parameter-tampering"
245,"parameter-tampering"
356,"parameter-tampering"
189,"parameter-tampering"
111,"parameter-tampering"
147,"parameter-tampering"
219,"parameter-tampering"
344,"parameter-tampering"
440,"parameter-tampering"
280,"parameter-tampering"
384,"parameter-tampering"
119,"parameter-tampering"
469,"parameter-tampering"
412,"parameter-tampering"
259,"parameter-tampering"
260,"parameter-tampering"
327,"parameter-tampering"
396,"parameter-tampering"
396,"parameter-tampering"
314,"parameter-tampering"
103,"parameter-tampering"
147,"parameter-tampering"
306,"parameter-tampering"
355,"parameter-tampering"
498,"parameter-tampering"
279,"parameter-tampering"
284,"parameter-tampering"
210,"parameter-tampering"
353,"parameter-tampering"
341,"parameter-tampering"
153,"parameter-tampering"
286,"parameter-tampering"
439,"parameter-tampering"
228,"parameter-tampering"
329,"parameter-tampering"
114,"parameter-tampering"
122,"parameter-tampering"
346,"parameter-tampering"
123,"parameter-tampering"
125,"parameter-tampering"
122,"parameter-tampering"
468,"parameter-tampering"
224,"parameter-tampering"
490,"parameter-tampering"
334,"parameter-tampering"
254,"parameter-tampering"
372,"parameter-tampering"
236,"parameter-tampering"
266,"parameter-tampering"
194,"parameter-tampering"
312,"parameter-tampering"
459,"parameter-tampering"
234,"parameter-tampering"
360,"parameter-tampering"
201,"parameter-tampering"
208,"parameter-tampering"
401,"parameter-tampering"
261,"parameter-tampering"
168,"parameter-tampering"
365,"parameter-tampering"
278,"parameter-tampering"
363,"parameter-tampering"
224,"parameter-tampering"
289,"parameter-tampering"
403,"parameter-tampering"
434,"parameter-tampering"
169,"parameter-tampering"
331,"parameter-tampering"
108,"parameter-tampering"
201,"parameter-tampering"
174,"parameter-tampering"
255,"parameter-tampering"
188,"parameter-tampering"
364,"parameter-tampering"
475,"parameter-tampering"
388,"parameter-tampering"
188,"parameter-tampering"
491,"parameter-tampering"
337,"parameter-tampering"
480,"parameter-tampering"
470,"parameter-tampering"
154,"parameter-tampering"
187,"parameter-tampering"
198,"parameter-tampering"
349,"parameter-tampering"
470,"parameter-tampering"
258,"parameter-tampering"
240,"parameter-tampering"
390,"parameter-tampering"
422,"parameter-tampering"
104,"parameter-tampering"
233,"parameter-tampering"
328,"parameter-tampering"
288,"parameter-tampering"
141,"parameter-tampering"
344,"parameter-tampering"
455,"parameter-tampering"
170,"parameter-tampering"
149,"parameter-tampering"
285,"parameter-tampering"
154,"parameter-tampering"
187,"parameter-tampering"
349,"parameter-tampering"
267,"parameter-tampering"
390,"parameter-tampering"
334,"parameter-tampering"
167,"parameter-tampering"
489,"parameter-tampering"
464,"parameter-tampering"
379,"parameter-tampering"
239,"parameter-tampering"
425,"parameter-tampering"
472,"parameter-tampering"
399,"parameter-tampering"
146,"parameter-tampering"
216,"parameter-tampering"
421,"parameter-tampering"
451,"parameter-tampering"
103,"parameter-tampering"
382,"parameter-tampering"
297,"parameter-tampering"
430,"parameter-tampering"
404,"parameter-tampering"
451,"parameter-tampering"
449,"parameter-tampering"
229,"parameter-tampering"
161,"parameter-tampering"
101,"parameter-tampering"
151,"parameter-tampering"
210,"parameter-tampering"
393,"parameter-tampering"
387,"parameter-tampering"
164,"parameter-tampering"
279,"parameter-tampering"
211,"parameter-tampering"
427,"parameter-tampering"
373,"parameter-tampering"
296,"parameter-tampering"
319,"parameter-tampering"
435,"parameter-tampering"
475,"parameter-tampering"
408,"parameter-tampering"
237,"parameter-tampering"
103,"parameter-tampering"
371,"parameter-tampering"
396,"parameter-tampering"
459,"parameter-tampering"
333,"parameter-tampering"
298,"parameter-tampering"
189,"parameter-tampering"
116,"parameter-tampering"
398,"parameter-tampering"
189,"parameter-tampering"
360,"parameter-tampering"
313,"parameter-tampering"
297,"parameter-tampering"
171,"parameter-tampering"
172,"parameter-tampering"
405,"parameter-tampering"
250,"parameter-tampering"
273,"parameter-tampering"
349,"parameter-tampering"
307,"parameter-tampering"
200,"parameter-tampering"
447,"parameter-tampering"
475,"parameter-tampering"
228,"parameter-tampering"
147,"parameter-tampering"
327,"parameter-tampering"
464,"parameter-tampering"
188,"parameter-tampering"
280,"parameter-tampering"
129,"parameter-tampering"
291,"parameter-tampering"
358,"parameter-tampering"
258,"parameter-tampering"
239,"parameter-tampering"
447,"parameter-tampering"
282,"parameter-tampering"
113,"parameter-tampering"
315,"parameter-tampering"
464,"parameter-tampering"
305,"parameter-tampering"
494,"parameter-tampering"
254,"parameter-tampering"
398,"parameter-tampering"
429,"parameter-tampering"
215,"parameter-tampering"
458,"parameter-tampering"
485,"parameter-tampering"
329,"parameter-tampering"
216,"parameter-tampering"
146,"parameter-tampering"
460,"parameter-tampering"
367,"parameter-tampering"
295,"parameter-tampering"
142,"parameter-tampering"
438,"parameter-tampering"
181,"parameter-tampering"
406,"parameter-tampering"
429,"parameter-tampering"
297,"parameter-tampering"
456,"parameter-tampering"
419,"parameter-tampering"
214,"parameter-tampering"
196,"parameter-tampering"
117,"parameter-tampering"
148,"parameter-tampering"
265,"parameter-tampering"
496,"parameter-tampering"
341,"parameter-tampering"
353,"parameter-tampering"
463,"parameter-tampering"
292,"parameter-tampering"
333,"parameter-tampering"
310,"parameter-tampering"
447,"parameter-tampering"
183,"parameter-tampering"
194,"parameter-tampering"
314,"parameter-tampering"
363,"parameter-tampering"
227,"parameter-tampering"
465,"parameter-tampering"
390,"parameter-tampering"
125,"parameter-tampering"
130,"parameter-tampering"
301,"parameter-tampering"
193,"parameter-tampering"
392,"parameter-tampering"
145,"parameter-tampering"
248,"parameter-tampering"
157,"parameter-tampering"
396,"parameter-tampering"
143,"parameter-tampering"
450,"parameter-tampering"
186,"parameter-tampering"
389,"parameter-tampering"
148,"parameter-tampering"
452,"parameter-tampering"
135,"parameter-tampering"
310,"parameter-tampering"
234,"parameter-tampering"
264,"parameter-tampering"
494,"parameter-tampering"
335,"parameter-tampering"
342,"parameter-tampering"
205,"parameter-tampering"
133,"parameter-tampering"
342,"parameter-tampering"
221,"parameter-tampering"
289,"parameter-tampering"
247,"parameter-tampering"
342,"parameter-tampering"
258,"parameter-tampering"
227,"parameter-tampering"
114,"parameter-tampering"
473,"parameter-tampering"
184,"parameter-tampering"
129,"parameter-tampering"
490,"parameter-tampering"
124,"parameter-tampering"
136,"parameter-tampering"
122,"parameter-tampering"
168,"parameter-tampering"
419,"parameter-tampering"
103,"parameter-tampering"
246,"parameter-tampering"
202,"parameter-tampering"
157,"parameter-tampering"
243,"parameter-tampering"
271,"parameter-tampering"
347,"parameter-tampering"
292,"parameter-tampering"
381,"parameter-tampering"
150,"parameter-tampering"
285,"parameter-tampering"
468,"parameter-tampering"
265,"parameter-tampering"
219,"parameter-tampering"
164,"parameter-tampering"
333,"parameter-tampering"
287,"parameter-tampering"
379,"parameter-tampering"
354,"parameter-tampering"
447,"parameter-tampering"
353,"parameter-tampering"
158,"parameter-tampering"
286,"parameter-tampering"
187,"parameter-tampering"
187,"parameter-tampering"
196,"parameter-tampering"
396,"parameter-tampering"
307,"parameter-tampering"
475,"parameter-tampering"
170,"parameter-tampering"
307,"parameter-tampering"
446,"parameter-tampering"
145,"parameter-tampering"
291,"parameter-tampering"
436,"parameter-tampering"
315,"parameter-tampering"
111,"parameter-tampering"
401,"parameter-tampering"
270,"parameter-tampering"
208,"parameter-tampering"
186,"parameter-tampering"
253,"parameter-tampering"
467,"parameter-tampering"
406,"parameter-tampering"
481,"parameter-tampering"
101,"parameter-tampering"
191,"parameter-tampering"
299,"parameter-tampering"
214,"parameter-tampering"
421,"parameter-tampering"
101,"parameter-tampering"
432,"parameter-tampering"
485,"parameter-tampering"
132,"parameter-tampering"
368,"parameter-tampering"
284,"parameter-tampering"
225,"parameter-tampering"
179,"parameter-tampering"
438,"parameter-tampering"
161,"parameter-tampering"
397,"parameter-tampering"
462,"parameter-tampering"
393,"parameter-tampering"
403,"parameter-tampering"
282,"parameter-tampering"
486,"parameter-tampering"
383,"parameter-tampering"
241,"parameter-tampering"
377,"parameter-tampering"
326,"parameter-tampering"
262,"parameter-tampering"
116,"parameter-tampering"
415,"parameter-tampering"
141,"parameter-tampering"
359,"parameter-tampering"
180,"parameter-tampering"
430,"parameter-tampering"
328,"parameter-tampering"
205,"parameter-tampering"
247,"parameter-tampering"
431,"parameter-tampering"
202,"parameter-tampering"
334,"parameter-tampering"
240,"parameter-tampering"
398,"parameter-tampering"
428,"parameter-tampering"
489,"parameter-tampering"
156,"parameter-tampering"
287,"parameter-tampering"
464,"parameter-tampering"
300,"parameter-tampering"
308,"parameter-tampering"
106,"parameter-tampering"
149,"parameter-tampering"
350,"parameter-tampering"
188,"parameter-tampering"
265,"parameter-tampering"
453,"parameter-tampering"
331,"parameter-tampering"
398,"parameter-tampering"
442,"parameter-tampering"
155,"parameter-tampering"
474,"parameter-tampering"
361,"parameter-tampering"
434,"parameter-tampering"
328,"parameter-tampering"
427,"parameter-tampering"
409,"parameter-tampering"
399,"parameter-tampering"
411,"parameter-tampering"
104,"parameter-tampering"
128,"parameter-tampering"
401,"parameter-tampering"
281,"parameter-tampering"
257,"parameter-tampering"
299,"parameter-tampering"
163,"parameter-tampering"
145,"parameter-tampering"
320,"parameter-tampering"
309,"parameter-tampering"
476,"parameter-tampering"
483,"parameter-tampering"
139,"parameter-tampering"
147,"parameter-tampering"
494,"parameter-tampering"
342,"parameter-tampering"
282,"parameter-tampering"
423,"parameter-tampering"
473,"parameter-tampering"